frame,time,vehicle_a,vehicle_b,center_a_x,center_a_y,center_b_x,center_b_y,edge_distance,longitudinal_gap,lateral_gap,closest_a_x,closest_a_y,closest_b_x,closest_b_y
15,0.6,0,1,20.86819535563182,8.456385756256159,-18.74232731891209,10.501857795538506,33.75905854656994,33.73053665042873,1.3874189074755634,18.22677412850855,8.449741384087835,-15.503762521920185,9.837160291563398
16,0.64,0,1,20.991634378970275,8.373262790594506,-14.314577122342586,9.517659951101871,28.782191986557677,28.78192975517667,0.12286219573483059,17.725527661880676,8.781668671021345,-11.056402093295993,8.904530866756176
18,0.72,0,1,21.141232314687215,8.336227809592787,-10.416706118772716,8.74040940248592,25.6605068024649,25.65990686467974,0.17546810339518615,17.85131696931636,8.704625608651522,-7.808589895363378,8.529157505256336
22,0.88,0,1,21.223805797592682,8.331677539902573,-3.9308759225758703,7.542767874951714,18.73338950716283,18.649259527557874,1.7734152082550425,17.936037339454977,8.703077863672835,-0.7132221881028977,6.9296626554177925
22,0.88,0,2,21.223805797592682,8.331677539902573,-2.9865948770819912,7.244600722683387,18.426835730618812,18.350031375521535,1.680661643694366,17.936037339454977,8.703077863672835,-0.4139940360665584,7.022416219978469
22,0.88,1,2,-3.9308759225758703,7.542767874951714,-2.9865948770819912,7.244600722683387,0.1948399459000407,0.16091984153334193,0.10985175974564498,-0.7132221881028977,6.9296626554177925,-0.5523023465695558,6.8198108956721475
23,0.92,0,2,21.278360687586392,8.282009552848834,-1.9700022603169645,7.1208198206021445,16.90830332363361,16.767945310166727,2.174104725917564,18.00911723534581,8.683270914866092,1.2411719251790818,6.509166188948528
24,0.96,0,2,21.34340099785301,8.250314883809581,-0.34923136624923834,6.8255622806377545,15.338362319201305,15.157969404720884,2.345489748568524,18.059560908888134,8.627138343356956,2.901591504167251,6.2816485947884315
26,1.04,0,2,21.289343682036748,8.300016681249344,2.4358701771577294,6.409707108542782,13.265922921424483,13.02679146440983,2.5074718542696814,18.649416344103294,8.292736599697283,5.622624879693463,5.785264745427602
27,1.08,0,2,21.2404913824755,8.359022583963654,3.9242476235977577,6.080781647939231,11.31066907010827,10.832779516112517,3.2530174867032198,17.958393203142066,8.739715601087502,7.12561368702955,5.486698114384282
28,1.12,0,2,21.34471950418905,8.39080790802158,5.977137559435709,5.642930580781554,10.098636139016843,9.53261493854816,3.3334223107229395,18.075951604701118,8.792848960815968,8.543336666152957,5.459426650093029
29,1.16,0,2,21.279358950870026,8.422720403234544,6.673715437028207,5.5956924690492915,9.403270892509275,8.766293472032345,3.40199974134556,18.003089815507504,8.812966304799545,9.23679634347516,5.410966563453985
30,1.2,0,2,21.322524987692425,8.354418969636106,8.738312761858388,5.133495111125701,7.814797442615679,6.794534750424461,3.8607456008376095,18.042540053101273,8.738069173533166,11.248005302676813,4.877323572695556
31,1.24,0,1,21.404079243955927,8.349842179793498,12.15292077563483,4.185950372051703,6.044883684062075,4.120075329737226,4.423301711519413,18.766566740238307,8.346019487178571,14.646491410501081,3.922717775659159
31,1.24,0,2,21.404079243955927,8.349842179793498,8.96563820677767,5.240295852256551,7.5768630356206375,6.614578761268408,3.6954297817075723,18.766566740238307,8.346019487178571,12.151987978969899,4.650589705470999
31,1.24,1,2,12.15292077563483,4.185950372051703,8.96563820677767,5.240295852256551,0.6972357686341951,0.3766416965281749,0.5867527158005279,10.839300375557654,6.321737663748123,10.462658679029479,5.734984947947595
32,1.28,0,1,21.21362367077969,8.45481461690939,12.449647684312389,4.249963813546506,5.726057663027435,3.6169919170692886,4.43904334650729,18.56995490777966,8.442420759387534,14.952962990710372,4.003377412880244
33,1.32,0,1,21.279195818832164,8.422453055533266,11.559660069390722,4.714005825042221,5.725303142432408,3.862132079813902,4.226468013698761,17.980744027925102,8.776345080532527,14.1186119481112,4.5498770668337665
33,1.32,0,2,21.279195818832164,8.422453055533266,11.574533737805954,4.73750455823329,5.6424450499930945,3.2284097583056734,4.627586474034632,17.980744027925102,8.776345080532527,14.752334269619428,4.148758606497895
33,1.32,1,2,11.559660069390722,4.714005825042221,11.574533737805954,4.73750455823329,0.0,0.0,0.0,14.1186119481112,4.5498770668337665,14.1186119481112,4.5498770668337665
34,1.36,0,2,21.16974962249122,8.523507086951902,12.447104437369557,4.652813279334847,5.235283670706487,2.8637742123229053,4.382578279232479,17.867339021297575,8.87196357116986,15.00356480897467,4.489385291937382
35,1.4,0,2,21.16421124190848,8.514438410661098,13.242384425935041,4.517047065539705,4.966177628578003,2.6394475506327915,4.206689537634932,17.867339021297575,8.871963571169863,15.227891470664783,4.6652740335349305
36,1.44,0,2,21.120160397240014,8.583622496811682,14.047231435046244,4.463345981951736,4.58940821732723,2.432051141826694,3.89201683305843,18.455792321616627,8.538381366858022,16.023741179789933,4.646364533799592
36,1.44,0,3,21.120160397240014,8.583622496811682,21.13126876974777,8.601803671399841,0.0,0.0,0.0,18.455792321616627,8.538381366858022,18.455792321616627,8.538381366858022
36,1.44,2,3,14.047231435046244,4.463345981951736,21.13126876974777,8.601803671399841,4.581864125978517,2.428053324437208,3.8856191170286243,15.387740891491312,5.043789646204174,17.81579421592852,8.929408763232798
37,1.48,0,2,20.93590454309041,8.710733118611298,15.218828560052636,4.180374402518094,4.20284081624764,2.2166323427042016,3.570771903103699,18.276411090405304,8.675072880427267,16.059778747701102,5.104300977323568
38,1.52,0,1,21.003208176936603,8.677168005815494,16.259342423807563,4.010432536499153,3.7952789685136357,1.993532288819802,3.2295466341693855,17.689135001897128,9.008153332095999,15.695602713077326,5.778606697926613
38,1.52,0,2,21.003208176936603,8.677168005815494,16.240631115097084,3.980119988061523,3.81882831599184,2.0059019683526955,3.249585665954947,17.689135001897128,9.008153332095999,15.683233033544433,5.758567666141052
38,1.52,0,3,21.003208176936603,8.677168005815494,21.059064625636644,8.625704475273023,0.0004044606656493306,0.00021100880282531875,0.00034505610440582757,18.39277894066173,8.577860799266764,18.392567931858906,8.577515743162358
38,1.52,1,2,16.259342423807563,4.010432536499153,16.240631115097084,3.980119988061523,0.023549347478204384,0.012369679532890032,0.02003903178556321,14.97951282548576,6.220634163177408,14.96714314595287,6.200595131391845
38,1.52,1,3,16.259342423807563,4.010432536499153,21.059064625636644,8.625704475273023,3.798322771908934,1.9951310962855224,3.232136721773461,16.397436835573384,5.345379021388897,18.392567931858906,8.577515743162358
38,1.52,2,3,16.240631115097084,3.980119988061523,21.059064625636644,8.625704475273023,3.8218721193871383,2.0075007758184142,3.2521757535590234,16.385067156040492,5.325339989603335,18.392567931858906,8.577515743162358
39,1.56,0,2,21.064550539614554,8.63467937994594,17.52518534941123,3.5785898816505384,3.328899653828121,1.7361427754443248,2.84031356869791,18.055664187816728,8.758021200288793,16.319521412372403,5.917707631590883
40,1.6,0,2,21.058979197372423,8.625564715420644,18.54815911338244,3.525841749636411,2.9759556204648954,1.5520695688653632,2.53917150038722,22.660822721024907,5.943116252709213,21.108753152159544,3.4039447523219932
41,1.64,0,2,21.18082451489095,8.541641379571939,19.69777664290483,3.2825886208832262,2.5955721905232867,1.3443134759618616,2.220318957844839,22.98793131036559,5.744738825626744,21.643617834403727,3.524419867781905
42,1.68,0,2,20.99753267689693,8.667887037874651,20.652022655434443,3.1336350227451506,2.228171672766002,1.149591173981971,1.9087140005824859,22.156698027303417,6.250644673054463,21.007106853321446,4.341930672471977
42,1.68,0,3,20.99753267689693,8.667887037874651,20.997618622201678,8.668027581547001,0.0214280636495936,0.011179109469850346,0.01828084853698364,23.677436491192417,8.737460782843536,23.666257381722566,8.719179934306553
42,1.68,2,3,20.652022655434443,3.1336350227451506,20.997618622201678,8.668027581547001,2.2448671759111543,1.1582049640662113,1.9230158342290653,21.64968892410021,3.9549126713985348,22.807893888166422,5.8779285056276
44,1.76,0,2,20.822521642691544,8.815037267447746,22.50716979031926,2.9025997216047057,1.5693975035939802,0.803708079280252,1.3479843647411736,22.624741879487395,6.013421954339926,21.821033800207143,4.665437589598753
44,1.76,0,3,20.822521642691544,8.815037267447746,20.87937519202132,8.762736858904761,0.0004296528407576053,0.00022437015821452633,0.00036641451345964526,18.212347207847635,8.715306443684954,18.21212283768942,8.714940029171494
44,1.76,2,3,22.50716979031926,2.9025997216047057,20.87937519202132,8.762736858904761,1.5778199569808697,0.8080213229415314,1.3552185647779957,21.242239969548706,5.010531561090826,22.050261292490237,6.365750125868821
46,1.84,0,2,20.88500024319928,8.771927144120108,24.76475806580313,2.3407197354490914,1.6747584794346,0.7095041707855252,1.517043109498223,22.689951034957037,5.974218475318379,23.399455205742562,4.457175365820156
46,1.84,0,3,20.88500024319928,8.771927144120108,20.87937519202132,8.762736858904761,0.0,0.0,0.0,22.050261292490237,6.365750125868821,22.050261292490237,6.365750125868821
46,1.84,2,3,24.76475806580313,2.3407197354490914,20.87937519202132,8.762736858904761,2.3373022547911817,1.349193913252325,1.9085747600486656,23.399455205742562,4.457175365820156,22.050261292490237,6.365750125868821
47,1.88,0,2,21.0646365981113,8.63482017085292,25.750557736045025,2.1027286883853495,2.220775507613446,1.499088498209403,1.6384680435553314,22.232098223630366,6.230601356447464,23.73118672183977,4.592133312892132
47,1.88,0,3,21.0646365981113,8.63482017085292,21.064550539614554,8.63467937994594,0.021365108358036195,0.011142684484266141,0.018229329050591048,23.736705264363696,8.692124598543483,23.747847948847962,8.710353927594074
47,1.88,0,4,21.0646365981113,8.63482017085292,25.79295716464586,2.0992505477661725,2.979400222746721,2.187426984502274,2.0228664994938494,22.232098223630366,6.230601356447464,24.41952520813264,4.207734856953614
47,1.88,2,3,25.750557736045025,2.1027286883853495,21.064550539614554,8.63467937994594,1.5058881981376668,0.8704815843919178,1.2288047349049585,23.73118672183977,4.592133312892132,22.86070513744785,5.820938047797091
47,1.88,2,4,25.750557736045025,2.1027286883853495,25.79295716464586,2.0992505477661725,0.01575412728208561,0.007954539307355901,0.01359844957441414,24.411570668825284,4.1941364073792,24.41952520813264,4.207734856953614
47,1.88,3,4,21.064550539614554,8.63467937994594,25.79295716464586,2.0992505477661725,2.243288779385593,1.5588200706847886,1.6132031908434765,22.86070513744785,5.820938047797091,24.41952520813264,4.207734856953614
48,1.92,3,4,21.29570584394702,8.449510384801965,26.68843770644211,1.8975099202004289,2.7570891286420656,2.1989792441524187,1.6631388237495752,23.10254029688129,5.65109261404179,25.30151954103371,3.987953790292215
48,1.92,3,5,21.29570584394702,8.449510384801965,32.31829058772102,11.642029923790416,7.1110003042147785,5.60383257638518,4.3776004594283044,24.61066765996894,8.122675689071402,30.21450023635412,12.500276148499706
48,1.92,4,5,26.68843770644211,1.8975099202004289,32.31829058772102,11.642029923790416,9.82790979073453,4.942000625534462,8.494965607466144,29.161965443254772,1.7421146727270205,34.103966068789234,10.237080280193164
49,1.96,2,3,27.579161073681405,1.6579929986951858,21.17520233492181,8.532435488169746,3.773390296073061,3.1998300400854838,1.9998905072690545,26.17651699051279,3.7264365355533022,22.976686950427307,5.726327042822357
49,1.96,2,4,27.579161073681405,1.6579929986951858,27.55485331084241,1.6786384593200303,0.0031920662568249206,0.0015989321836116233,0.0027627346706065037,25.086868084633544,1.8433163538367219,25.085269152449932,1.8405536191661154
49,1.96,2,5,27.579161073681405,1.6579929986951858,31.92732070039575,11.797363242295852,9.317987930689196,4.666793932942145,8.065105917712668,28.931892739888436,2.1320655550158225,33.59868667283058,10.19717147272849
49,1.96,3,4,21.17520233492181,8.532435488169746,27.55485331084241,1.6786384593200303,2.9920650943181797,2.5311099907860957,1.5955988666265926,22.976686950427307,5.726327042822357,25.507796941213403,4.130728176195764
49,1.96,3,5,21.17520233492181,8.532435488169746,31.92732070039575,11.797363242295852,6.731514799976389,5.217451680702439,4.2534091575860025,24.49431000848432,8.211319187974013,29.71176168918676,12.464728345560015
49,1.96,4,5,27.55485331084241,1.6786384593200303,31.92732070039575,11.797363242295852,9.30330225603473,4.660100447235109,8.052011965268061,28.938586225595472,2.1451595074604284,33.59868667283058,10.19717147272849
50,2.0,2,3,28.420619194715847,1.5055579881142167,21.23570937271898,8.49099397618234,4.495117831835033,3.836729974435393,2.3421330930052378,27.01370738711227,3.5711968570739954,23.176977412676877,5.913329950079233
50,2.0,2,4,28.420619194715847,1.5055579881142167,28.43735588282351,1.5346233722354266,0.027016153022331707,0.013481353854469802,0.023412082828672354,25.927850220901817,1.685468005961881,25.941331574756287,1.7088800887905533
50,2.0,2,5,28.420619194715847,1.5055579881142167,31.729515360301228,11.671081953232758,8.634060141962614,4.3084898089805925,7.482239644714533,28.998575672639145,2.4282523395988944,33.30706548161974,9.910491984313428
50,2.0,3,4,21.23570937271898,8.49099397618234,28.43735588282351,1.5346233722354266,3.744337837266592,3.1959147128271645,1.950947202750787,23.187837899743016,5.931120893039768,26.38375261257018,3.9801736902889813
50,2.0,3,5,21.23570937271898,8.49099397618234,31.729515360301228,11.671081953232758,6.32853978195826,4.879182397443131,4.030383964873495,24.541613348411353,8.148787710554357,29.420795745854484,12.179171675427853
50,2.0,4,5,28.43735588282351,1.5346233722354266,31.729515360301228,11.671081953232758,8.59399684111339,4.288497786619736,7.447520959300789,29.018567695,2.4629710250126386,33.30706548161974,9.910491984313428
51,2.04,3,4,21.24131315480873,8.500173727229859,29.25134197984425,1.3292770504216584,5.293633569342572,4.518289252694153,2.758191181818094,23.32545498020212,6.156556236218425,27.843744232896274,3.3983650544003314
51,2.04,3,5,21.24131315480873,8.500173727229859,31.67527897278648,11.294899699494092,5.883402224774525,4.7325842116682715,3.495292322245742,24.541613348411353,8.148787710554359,29.274197560079624,11.644080032800101
51,2.04,4,5,29.25134197984425,1.3292770504216584,31.67527897278648,11.294899699494092,7.831045887965405,3.8933914528172053,6.794614241776335,29.267947685171073,2.5822802332685555,33.16133913798828,9.37689447504489
52,2.08,3,5,21.24131315480873,8.500173727229859,32.07366607048781,10.237368298327532,5.565006741862026,5.061338056966697,2.3134729542552215,24.541613348411353,8.148787710554359,29.60295140537805,10.46226066480958
53,2.12,0,3,21.241395807189257,8.500309122979479,21.301458172580247,8.458937544894575,0.0003507983643971398,0.00018277973769897926,0.0002994178684554427,22.495649776479553,6.096378496065501,22.495832556217252,6.096677913933957
53,2.12,0,5,21.241395807189257,8.500309122979479,31.50932052588672,10.730977158531518,5.13819548210415,4.402844155521642,2.648776350412472,24.530572355436238,8.130701074563571,28.93341651095788,10.779477424976044
53,2.12,3,5,21.301458172580247,8.458937544894575,31.50932052588672,10.730977158531518,5.490928493392001,4.984985520297485,2.3022195989888896,23.948430990660395,8.477257825987154,28.93341651095788,10.779477424976044
54,2.16,0,3,21.241395807189257,8.500309122979479,21.24131315480873,8.500173727229859,0.02119032626788424,0.011040992975111408,0.018086635990778532,20.04952578016483,10.866157451523076,20.060566773139943,10.884244087513855
54,2.16,0,5,21.241395807189257,8.500309122979479,30.770009462317468,11.516416905065475,5.072514012462637,4.190806365361539,2.857890903214294,23.89042284468318,8.521480556986358,28.081229210044718,11.379371460200652
54,2.16,0,6,21.241395807189257,8.500309122979479,-16.292618652166965,9.88473016484264,31.73127991512958,31.724675927308127,0.647350260355255,18.592368769695334,8.4791376889726,-13.132307157612793,9.126487949327855
54,2.16,3,5,21.24131315480873,8.500173727229859,30.770009462317468,11.516416905065475,4.792238705595247,3.539615861633365,3.230583749646293,24.541613348411353,8.148787710554359,28.081229210044718,11.379371460200652
54,2.16,3,6,21.24131315480873,8.500173727229859,-16.292618652166965,9.88473016484264,31.074536339658103,31.0733201188189,0.27492820542249596,17.941012961206106,8.851559743905359,-13.132307157612793,9.126487949327855
54,2.16,5,6,30.770009462317468,11.516416905065475,-16.292618652166965,9.88473016484264,41.27506588779467,41.21353636765751,2.252883510872797,28.081229210044718,11.379371460200652,-13.132307157612793,9.126487949327855
55,2.2,3,5,21.361100379016854,8.417665111461897,30.19935060063144,11.989390394603172,5.439417600846879,3.7868367518783437,3.9047575150098996,24.017085976998306,8.451273454571432,27.80392272887665,12.356030969581331
55,2.2,3,6,21.361100379016854,8.417665111461897,-13.91143588302791,9.478648138587609,29.454285864037207,29.452164016132123,0.3535399938821424,18.7051147810354,8.384056768352362,-10.747049235096723,8.737596762234505
55,2.2,5,6,30.19935060063144,11.989390394603172,-13.91143588302791,9.478648138587609,38.720414583007226,38.550971963973375,3.6184342073468265,27.80392272887665,12.356030969581331,-10.747049235096723,8.737596762234505
56,2.24,3,5,21.39844686504923,8.340603688595351,29.437181816030098,12.43613767489105,5.350366697460615,2.990099371793633,4.436860325060383,24.05253287561101,8.371611021952402,27.042632247404644,12.808471347012786
56,2.24,3,6,21.39844686504923,8.340603688595351,-11.054434010739689,8.919127424188638,26.51507664106693,26.515028332732268,0.0506141883096749,18.74436085448745,8.3095963552383,-7.770667478244817,8.360210543547975
56,2.24,5,6,29.437181816030098,12.43613767489105,-11.054434010739689,8.919127424188638,35.09633687386115,34.81329972564946,4.448260803464811,27.042632247404644,12.808471347012786,-7.770667478244817,8.360210543547975
57,2.28,3,5,21.696177926320722,8.14880217280453,28.582277507207365,12.499690849746074,4.975260374953203,2.585907141198412,4.250447041862602,23.602594457176988,8.626519434310215,26.1885015983754,12.876966476172816
58,2.32,0,3,21.805472966848697,8.06123346090981,21.696177926320722,8.14880217280453,0.0007568888497157837,0.00039315856851729336,0.0006467666277920614,22.891654985235917,5.784826127878167,22.8912618266674,5.784179361250375
58,2.32,0,5,21.805472966848697,8.06123346090981,27.78871063400046,12.997845645220377,5.029912134368948,2.612739050471138,4.298093848860814,22.783153217050334,9.08305359004285,25.39589226752147,13.381147438903664
58,2.32,3,5,21.696177926320722,8.14880217280453,27.78871063400046,12.997845645220377,4.994029312803613,2.595662355350502,4.266481655199986,22.80022991217097,9.114665783703678,25.39589226752147,13.381147438903664
59,2.36,3,5,21.70164412955992,8.157786953045907,26.805731071279418,13.23566282821529,4.692115088325928,2.438741492869301,4.008551350931336,21.97517333060908,9.616617621978717,24.413914823478382,13.625168972910053
59,2.36,3,7,21.70164412955992,8.157786953045907,34.7826314741838,0.37739675768012204,9.925509984947137,8.479526974483836,5.1588148590821055,24.8856467929976,7.6193505952256455,33.36517376748144,2.46053573614354
59,2.36,5,7,26.805731071279418,13.23566282821529,34.7826314741838,0.37739675768012204,10.206767316052051,5.096062754480418,8.843542471567932,28.26911101300102,11.304078207711472,33.36517376748144,2.46053573614354
60,2.4,0,3,21.696177926320722,8.14880217280453,21.759110344319932,8.118273839163429,0.007310318723948021,0.003798414466004374,0.006246023326097472,24.345518286596107,8.174535909532665,24.341719872130103,8.168289886206567
60,2.4,0,5,21.696177926320722,8.14880217280453,25.988846513946896,13.549516952334848,4.540865752234283,2.360129177367199,3.879336547137184,21.237808626215323,10.065219059893332,23.59793780358252,13.944555607030516
60,2.4,0,6,21.696177926320722,8.14880217280453,-2.3175593759959,7.008131998518566,18.826294418124448,18.780229109375963,1.3161900004374294,19.046837566045337,8.123068436076395,0.2666084566693736,6.806878435638965
60,2.4,0,7,21.696177926320722,8.14880217280453,34.92726304408864,0.6604145696581067,10.649479380069234,9.2377346137588,5.29864796644223,24.345518286596107,8.174535909532665,33.58325290035491,2.8758879430904347
60,2.4,3,5,21.759110344319932,8.118273839163429,25.988846513946896,13.549516952334848,4.548843780551851,2.3635623386753757,3.886586267029287,21.234375464907146,10.057969340001229,23.59793780358252,13.944555607030516
60,2.4,3,6,21.759110344319932,8.118273839163429,-2.3175593759959,7.008131998518566,18.28779623073626,18.209807895617885,1.687123997109821,18.47641635228726,8.494002432748786,0.2666084566693736,6.806878435638965
60,2.4,3,7,21.759110344319932,8.118273839163429,34.92726304408864,0.6604145696581067,9.830600026008241,8.541448564002302,4.866657302487637,25.041804336352605,7.7425452455780714,33.58325290035491,2.8758879430904347
60,2.4,5,6,25.988846513946896,13.549516952334848,-2.3175593759959,7.008131998518566,24.398716451836865,23.331329346913147,7.137677171391551,23.59793780358252,13.944555607030516,0.2666084566693736,6.806878435638965
60,2.4,5,7,25.988846513946896,13.549516952334848,34.92726304408864,0.6604145696581067,10.677480879102884,6.135499151106682,8.738663976282465,27.447753749248225,11.6145519193729,33.58325290035491,2.8758879430904347
60,2.4,6,7,-2.3175593759959,7.008131998518566,34.92726304408864,0.6604145696581067,32.65943413365823,32.06958795841163,6.17901012367355,0.2666084566693736,6.806878435638965,32.336196415081005,0.6278683119654147
61,2.44,0,5,21.52188216629456,8.268726126588664,24.98449009941952,14.087498208545941,4.480698853832138,2.3309886810275025,3.8266374256851527,24.10649199430911,8.321448916779705,26.437480675336612,12.148086342464858
61,2.44,0,6,21.52188216629456,8.268726126588664,-2.4114907747872816,7.272406227682703,18.152682724424274,18.081977549387783,1.6006180047243497,18.877403724859132,8.25247218481691,0.7954261754713472,6.65185418009256
61,2.44,0,7,21.52188216629456,8.268726126588664,35.05886907923551,0.8531766160308535,10.880140208410836,9.514564313272441,5.277358892787256,24.166360607729988,8.284980068360419,33.68092492100243,3.0076211755731626
61,2.44,5,6,24.98449009941952,14.087498208545941,-2.4114907747872816,7.272406227682703,23.165634910607945,21.79937290960746,7.837983258431345,22.594799085078808,14.489837438523905,0.7954261754713472,6.65185418009256
61,2.44,5,7,24.98449009941952,14.087498208545941,35.05886907923551,0.8531766160308535,11.628347196272296,7.287035230612691,9.061874864776229,26.437480675336612,12.148086342464858,33.7245159059493,3.086211477688629
61,2.44,6,7,-2.4114907747872816,7.272406227682703,35.05886907923551,0.8531766160308535,32.19830482117166,31.662595005227075,5.849009394081683,0.7954261754713472,6.65185418009256,32.458021180698424,0.8028447860108762
62,2.48,0,5,21.696177926320722,8.14880217280453,23.87544098063398,14.379936652041195,4.148749576506473,2.1563255685955696,3.5443452273704423,23.16638206180436,8.89190440138865,25.32270763039993,12.436249628759093
62,2.48,0,6,21.696177926320722,8.14880217280453,-1.3846154452577477,7.197539246250184,17.260427950252964,17.195322076871253,1.4977555536661775,19.046837566045337,8.123068436076395,1.8515154891740822,6.625312882410217
62,2.48,0,7,21.696177926320722,8.14880217280453,35.11241323344973,0.9941775269140685,10.648390496457035,9.311607579930662,5.165480078600083,24.345518286596107,8.174535909532665,33.65712586652677,3.009055830932581
62,2.48,5,6,23.87544098063398,14.379936652041195,-1.3846154452577477,7.197539246250184,21.265021754998696,19.635431004883102,8.164006338375982,21.486946494057186,14.789319220786199,1.8515154891740822,6.625312882410217
62,2.48,5,7,23.87544098063398,14.379936652041195,35.11241323344973,0.9941775269140685,12.51573927643462,8.434500443916743,9.246779541940882,25.32270763039993,12.436249628759093,33.75720807431667,3.1894700868182104
62,2.48,6,7,-1.3846154452577477,7.197539246250184,35.11241323344973,0.9941775269140685,31.19574435249882,30.681026130667334,5.643500799660648,1.8515154891740822,6.625312882410217,32.53254161984142,0.981812082749569
63,2.52,0,5,21.64926113301757,8.206396101584751,22.94968314009217,14.53559318724875,3.7668021765527127,1.9584012293664408,3.2176797948363767,22.434011045520926,9.370855960384981,24.392412274887366,12.588535755221358
63,2.52,0,6,21.64926113301757,8.206396101584751,0.04779458905402523,7.044487450103597,15.818426394284918,15.725232143424268,1.7145517276611937,18.99798313708819,8.177975602292758,3.2727509936639234,6.463423874631564
63,2.52,0,7,21.64926113301757,8.206396101584751,35.225734696336154,1.1540190786778382,10.738471005507993,9.390676135692992,5.208642937528161,24.30053912894695,8.234816600876744,33.69121526463994,3.026173663348583
63,2.52,5,6,22.94968314009217,14.53559318724875,0.04779458905402523,7.044487450103597,19.260180577575834,17.289399026730074,8.48712184284723,20.562150020393997,14.950545717478795,3.2727509936639234,6.463423874631564
63,2.52,5,7,22.94968314009217,14.53559318724875,35.225734696336154,1.1540190786778382,13.247000578015506,9.458190774113024,9.27500143366169,24.392412274887366,12.588535755221358,33.85060304900039,3.3135343215596675
63,2.52,6,7,0.04779458905402523,7.044487450103597,35.225734696336154,1.1540190786778382,29.864485597644247,29.392914278184694,5.286217007197774,3.2727509936639234,6.463423874631564,32.66566527184862,1.1772068674337903
64,2.56,0,5,21.64926113301757,8.206396101584751,22.34422217420704,14.668620501565481,3.5621346101625173,1.8519923459573242,3.042848555454766,21.931905989009365,9.676456027091852,23.78389833496669,12.719304582546618
65,2.6,3,5,21.74829054041009,8.100482008332543,20.68221889802379,15.629121364460111,3.5805140638754565,1.5664605751564409,3.219671136636549,20.545401042375488,10.452763821023185,22.11186161753193,13.672434957659734
65,2.6,3,6,21.74829054041009,8.100482008332543,3.7817694892618103,6.177830416097734,12.90452660689692,12.737063686202166,2.0722006663787784,19.10632647886388,8.086383487297791,6.369262792661715,6.014182820919013
65,2.6,5,6,20.68221889802379,15.629121364460111,3.7817694892618103,6.177830416097734,15.59497479555806,11.928258683097301,10.045888893632311,18.297521475759016,16.060071714551324,6.369262792661715,6.014182820919013
66,2.64,1,3,10.416040710711895,4.224993453003114,21.701482837750717,8.157521838230924,7.453874626887954,6.157585930922123,4.2005216886327315,12.87831802050661,3.9045752011481287,19.035903951428732,8.10509688978086
66,2.64,1,5,10.416040710711895,4.224993453003114,20.12840412287533,15.4918235895597,12.755222179487694,6.841342319882639,10.765302044544669,10.902822828713699,5.1600010872417075,17.744165148596338,15.925303131786375
66,2.64,1,6,10.416040710711895,4.224993453003114,4.373069824500627,6.143787357776884,1.6099746281295064,1.358805273007306,0.8635198511141962,8.300194659231048,5.090544072022622,6.941389386223742,5.954063923136818
66,2.64,1,7,10.416040710711895,4.224993453003114,35.54007310672239,1.6545429091714854,20.353624819648815,20.260976265683873,1.9398154707133912,12.87831802050661,3.9045752011481287,33.139294286190484,1.9647597304347375
66,2.64,3,5,21.701482837750717,8.157521838230924,20.12840412287533,15.4918235895597,3.158595395229455,1.0333331289186631,2.9847860083168243,20.522637463450646,10.548835861507012,21.55597059236931,13.533621869823836
66,2.64,3,6,21.701482837750717,8.157521838230924,4.373069824500627,6.143787357776884,12.284308095759611,12.09451456520499,2.151032966644042,19.035903951428732,8.10509688978086,6.941389386223742,5.954063923136818
66,2.64,3,7,21.701482837750717,8.157521838230924,35.54007310672239,1.6545429091714854,10.700316964478057,9.357751713425646,5.189341577712559,24.367061724072702,8.209946786680987,33.72481343749835,3.020605208968428
66,2.64,5,6,20.12840412287533,15.4918235895597,4.373069824500627,6.143787357776884,14.701210002180604,10.802775762372596,9.971239208649557,17.744165148596338,15.925303131786375,6.941389386223742,5.954063923136818
66,2.64,5,7,20.12840412287533,15.4918235895597,35.54007310672239,1.6545429091714854,15.972742759319424,12.449494855193958,10.00692705608921,21.55597059236931,13.533621869823836,34.00546544756327,3.5266948137346263
66,2.64,6,7,4.373069824500627,6.143787357776884,35.54007310672239,1.6545429091714854,26.49990130339379,26.197904899966744,3.9893041927020807,6.941389386223742,5.954063923136818,33.139294286190484,1.9647597304347375
67,2.68,0,1,21.701564081065378,8.15765537759936,7.2791214038746865,5.4449797061639575,9.642156190942385,9.207201581991924,2.863322377779695,19.046837566045337,8.123068436076395,9.839635984053412,5.2597460582967
67,2.68,0,5,21.701564081065378,8.15765537759936,19.210035486384157,15.984675815705714,3.4934520936813684,0.12028498678045096,3.4913806800178584,20.51186633546336,10.531131393948344,20.63215132224381,14.022512073966203
67,2.68,1,5,7.2791214038746865,5.4449797061639575,19.210035486384157,15.984675815705714,13.169674125815698,7.157663326630582,11.054780517169352,9.669347767069334,5.370002948858318,16.827011093699916,16.42478346602767
68,2.72,0,1,21.59658856906053,8.255272505466774,10.258253052273973,4.654725999819595,6.94999938985423,5.5335066495977205,4.205091637269274,18.937861991840798,8.215119752635962,13.404355342243077,4.010028115366688
68,2.72,0,5,21.59658856906053,8.255272505466774,18.41735461377121,16.176133830991702,3.2686839616109125,0.8405084685959139,3.1587719694702496,20.411757081063403,10.635737502274111,19.57124861246749,13.79450947174436
68,2.72,0,6,21.59658856906053,8.255272505466774,10.25834276846227,4.654866882514763,7.269819702212329,6.181424870241155,3.8262599331773943,18.937861991840798,8.215119752635962,12.756437121599642,4.388859819458568
68,2.72,1,5,10.258253052273973,4.654725999819595,18.41735461377121,16.176133830991702,11.557288783946689,6.207955374038287,9.748446753687947,9.56311998574695,6.456183721159448,15.771075359785236,16.204630474847395
68,2.72,1,6,10.258253052273973,4.654725999819595,10.25834276846227,4.654866882514763,0.028486499730757432,0.01530141907821303,0.02402805112994688,12.771738540677855,4.412887870588515,12.756437121599642,4.388859819458568
68,2.72,5,6,18.41735461377121,16.176133830991702,10.25834276846227,4.654866882514763,11.585775283677448,6.223256793116494,9.7724748048179,15.771075359785236,16.204630474847395,9.547818566668742,6.432155670029495
69,2.76,0,5,21.484914387860492,8.344891668016277,16.76616027492799,17.392369163148636,4.937290245981708,2.354136833032186,4.339916444406194,20.310541692866558,10.741499776491294,17.95640485983437,15.081416220897488
69,2.76,0,6,21.484914387860492,8.344891668016277,11.38984397818431,4.4457153867047055,6.396007406984167,4.918551208436314,4.08861403903401,18.816605492596622,8.29003465560031,13.898054284160308,4.2014206165663
69,2.76,5,6,16.76616027492799,17.392369163148636,11.38984397818431,4.4457153867047055,11.363700542391566,6.07758675370934,9.601907584864954,17.95640485983437,15.081416220897488,11.878818106125031,5.479508636032535
70,2.8,0,1,21.301458172580247,8.458937544894575,11.961441867907377,4.5030774962237565,5.904649622042357,4.17950884535669,4.170922316547042,18.6544853545001,8.440617263801995,14.47497650914341,4.269694947254953
70,2.8,0,5,21.301458172580247,8.458937544894575,15.328351225042422,17.876755963954423,5.93552501442718,3.621915475869489,4.702359565425411,20.107083788943243,10.821197175855193,16.485168313073753,15.523556741280604
70,2.8,0,6,21.301458172580247,8.458937544894575,11.925024665133458,4.445393521072574,5.838922803055502,3.5742450809462127,4.617119405145737,18.6544853545001,8.440617263801995,15.080240273553887,3.823497858656258
70,2.8,1,5,11.961441867907377,4.5030774962237565,15.328351225042422,17.876755963954423,10.589233000457424,5.652935889082695,8.954114773214457,10.832232423991059,6.569441968066147,16.485168313073753,15.523556741280604
70,2.8,1,6,11.961441867907377,4.5030774962237565,11.925024665133458,4.445393521072574,0.05418548128696437,0.028926273680168535,0.045818523255119814,14.47497650914341,4.269694947254953,14.446050235463241,4.223876423999833
70,2.8,5,6,15.328351225042422,17.876755963954423,11.925024665133458,4.445393521072574,10.643418481744396,5.6818621627628545,8.99993329646959,16.485168313073753,15.523556741280604,10.803306150310899,6.5236234448110135
71,2.84,0,1,21.372154025563503,8.435788077248608,12.437587665095549,4.433649256378312,5.5020716290786345,3.0977597043025593,4.547161425099326,18.07595160470111,8.792848960815963,14.978191900398551,4.245687535716637
71,2.84,0,3,21.372154025563503,8.435788077248608,21.361100379016854,8.417665111461897,0.02106990393154516,0.010971360670104957,0.01798805427863215,24.02805733766841,8.469261508850064,24.017085976998306,8.451273454571432
71,2.84,0,5,21.372154025563503,8.435788077248608,14.22094680720438,18.839035964783548,6.840566621242045,4.000949247962254,5.548491399910528,19.545963576366024,11.203001715031732,15.54501432840377,16.75149311494226
71,2.84,0,6,21.372154025563503,8.435788077248608,12.46628594594047,4.479221159822245,5.471817934479207,2.915810813673243,4.630209369667258,18.07595160470111,8.792848960815963,15.160140791027867,4.162639591148705
71,2.84,0,8,21.372154025563503,8.435788077248608,13.847926267779178,17.717439043057663,6.250347831551875,4.304606149355164,4.531800295061437,19.545963576366024,11.203001715031732,15.24135742701086,15.73480201009317
71,2.84,1,3,12.437587665095549,4.433649256378312,21.361100379016854,8.417665111461897,5.56920587371669,3.7269228806368506,4.138369232635726,14.978191900398551,4.245687535716637,18.7051147810354,8.384056768352362
71,2.84,1,5,12.437587665095549,4.433649256378312,14.22094680720438,18.839035964783548,11.013928502367403,4.37468709254577,10.107855059189092,11.170327235858,6.643638055753168,15.54501432840377,16.75149311494226
71,2.84,1,6,12.437587665095549,4.433649256378312,12.46628594594047,4.479221159822245,0.02668202296036607,0.01421826018520811,0.02257811831316392,11.170327235858,6.643638055753168,11.184545496043208,6.6662161740663315
71,2.84,1,8,12.437587665095549,4.433649256378312,13.847926267779178,17.717439043057663,9.961051594182665,4.071030191152859,9.09116395434,11.170327235858,6.643638055753168,15.24135742701086,15.73480201009317
71,2.84,3,5,21.361100379016854,8.417665111461897,14.22094680720438,18.839035964783548,7.54489748826761,4.6302769960496235,5.95701376935798,20.175291324453394,10.79447934558428,15.54501432840377,16.75149311494226
71,2.84,3,6,21.361100379016854,8.417665111461897,12.46628594594047,4.479221159822245,5.46477273071917,3.078060509694879,4.515449534328642,18.7051147810354,8.384056768352362,15.627054271340523,3.8686072340237203
71,2.84,3,8,21.361100379016854,8.417665111461897,13.847926267779178,17.717439043057663,6.982155235583973,4.933933897442534,4.940322664508889,20.175291324453394,10.79447934558428,15.24135742701086,15.73480201009317
71,2.84,5,6,14.22094680720438,18.839035964783548,12.46628594594047,4.479221159822245,10.897814434386147,4.995112943117324,9.68561852086984,15.54501432840377,16.75149311494226,10.549901385286446,7.065874594072421
71,2.84,5,8,14.22094680720438,18.839035964783548,13.847926267779178,17.717439043057663,0.3001820060486205,0.2513412246994289,0.16412442085797352,15.97295728456786,17.40684779123906,16.22429850926729,17.242723370381086
71,2.84,6,8,12.46628594594047,4.479221159822245,13.847926267779178,17.717439043057663,9.856980386288118,4.691456041724413,8.668927416020749,10.549901385286446,7.065874594072421,15.24135742701086,15.73480201009317
72,2.88,3,6,21.349962569428527,8.399404156467888,12.142989199825916,4.790644112698029,5.492126620311729,4.005605642249069,3.7574696608647624,18.68283916185875,8.347534858364346,14.677233519609683,4.590065197499584
72,2.88,3,8,21.349962569428527,8.399404156467888,12.779332627404612,18.04878201723532,7.99043756997227,6.0082121302850275,5.267682560397903,20.175291324453394,10.794479345584284,14.167079194168366,16.062161905982187
72,2.88,6,8,12.142989199825916,4.790644112698029,12.779332627404612,18.04878201723532,9.649801208938882,3.294985903102571,9.069825316421129,10.872093291065795,6.992336589561058,14.167079194168366,16.062161905982187
73,2.92,0,6,21.30687873773822,8.467820996935473,12.981942262647438,4.694712601474637,5.007330974600397,3.1216860641047006,3.915155119068345,18.64331434912702,8.422309746488198,15.52162828502232,4.507154627419853
74,2.96,0,3,21.246748508324686,8.509077569551462,21.241229250048683,8.500036279913637,8.881784197001252e-16,0.0,8.881784197001252e-16,22.410851972298016,6.097743864850823,22.410851972298016,6.097743864850824
74,2.96,0,6,21.246748508324686,8.509077569551462,14.249067501967414,4.414674606248171,4.510307644629131,2.3881836292931133,3.826153943841825,18.569954907779664,8.442420759387536,16.18177127848655,4.616266815545711
74,2.96,0,8,21.246748508324686,8.509077569551462,9.10783475163873,19.459877674857914,11.621451051079049,9.607415535190805,6.538783622876711,20.082645044351356,10.9204112742521,10.47522950916055,17.45919489712881
74,2.96,3,6,21.241229250048683,8.500036279913637,14.249067501967414,4.414674606248171,4.502855353857777,2.3842376814281003,3.8198320664950707,17.92980539702661,8.83320024181032,15.545567715598509,5.01336817531525
74,2.96,3,8,21.241229250048683,8.500036279913637,9.10783475163873,19.459877674857914,10.873575153013597,8.95622750788574,6.166086719729577,19.43145701704629,11.293108177399233,10.47522950916055,17.45919489712881
74,2.96,6,8,14.249067501967414,4.414674606248171,9.10783475163873,19.459877674857914,11.123956919779014,2.497545354566988,10.839957783819099,12.972774863727539,6.619237113309713,10.47522950916055,17.45919489712881
75,3.0,3,6,21.295789879440466,8.44964810573215,15.163631885072487,4.265826221513313,4.100911337985702,2.16370337282617,3.483656343045384,18.632142084879483,8.404000166077513,16.468438712053313,4.920343823032129
75,3.0,3,8,21.295789879440466,8.44964810573215,7.410124131041779,20.176386915094987,13.507970167405238,11.182453902299313,7.577465457952332,20.118090472284297,10.839235395254825,8.935636569984984,18.416700853207157
75,3.0,6,8,15.163631885072487,4.265826221513313,7.410124131041779,20.176386915094987,12.742200205205188,5.140978024701022,11.659074192193492,13.908878501168314,6.510089916184976,8.767900476467291,18.169164108378467
76,3.04,0,3,21.13126876974777,8.601803671399841,21.125714896730354,8.592713596782733,0.0,0.0,0.0,22.295780955745265,6.1922169886093705,22.295780955745265,6.1922169886093705
76,3.04,0,6,21.13126876974777,8.601803671399841,16.20912749483061,4.092421939410222,3.735841927418971,1.9630192141937162,3.1785327544903135,17.81579421592852,8.929408763232798,15.852775001734804,5.750876008742485
76,3.04,0,8,21.13126876974777,8.601803671399841,5.748758528794653,20.838412299780583,14.28439149127949,11.787984555343499,8.06766759349448,19.32675847806217,11.402417750565085,7.538773922718673,19.470085344059566
76,3.04,3,6,21.125714896730354,8.592713596782733,16.20912749483061,4.092421939410222,3.7394382228442233,1.9649089079111803,3.1815925581506592,18.455792321616627,8.538381366858022,16.490883413705447,5.356788808707363
76,3.04,3,8,21.125714896730354,8.592713596782733,5.748758528794653,20.838412299780583,15.034489968198265,12.406992321008788,8.491314983574878,19.955648837715444,10.993210204956096,7.5486565167066555,19.484525188530974
76,3.04,6,8,16.20912749483061,4.092421939410222,5.748758528794653,20.838412299780583,14.763129699270214,7.840605025776755,12.508993218770186,14.937832925992456,6.315931967980039,7.097227900215701,18.824925186750225
77,3.08,3,6,21.25795543928252,8.527436034343992,17.06581656274091,3.8915748836382194,3.372331401948052,1.7657935761358594,2.873080599468495,18.592368769695334,8.479137688972598,16.826575193559474,5.606057089504103
77,3.08,3,8,21.25795543928252,8.527436034343992,4.528432341264704,21.5431084207165,16.58526882421568,13.651782119467017,9.418067048715534,20.082645044351356,10.920411274252102,6.430862924884339,20.338478322967635
77,3.08,6,8,17.06581656274091,3.8915748836382194,4.528432341264704,21.5431084207165,16.641020725975167,9.978746438429948,13.317214059999813,15.848142840071196,6.20740101448578,5.869396401641249,19.52461507448559
78,3.12,3,6,21.114435425020545,8.574252382570206,18.387791756088678,3.683897467020043,2.8949565031775877,1.5079116586565284,2.471229569460904,22.273222012325647,6.155294560184318,20.76531035366912,3.684064990723414
78,3.12,3,8,21.114435425020545,8.574252382570206,3.2443709373170266,21.866484206177322,17.67809359810521,14.518280283479719,10.086353695647032,19.955648837715444,10.993210204956094,5.437368554235724,21.079563900603127
78,3.12,6,8,18.387791756088678,3.683897467020043,3.2443709373170266,21.866484206177322,18.73893933969694,12.533539019099015,13.930479074086582,17.112240051504763,5.913120262074523,4.578701032405748,19.843599336161105
79,3.16,6,8,19.220050003535007,3.6737136215184565,0.17233485540823268,23.174403523901063,22.430339821141402,16.43761071366956,15.261883845637712,17.926757113572776,5.878187513575209,1.4891463999032155,21.14007135921292
80,3.2,3,6,21.12007548137675,8.583483514243872,20.193865479218875,3.4712269699557123,2.157455710618636,1.1158316786786315,1.8464925692074123,22.284502125038056,6.173756823531647,21.168670446359425,4.327264254324235
80,3.2,3,8,21.12007548137675,8.583483514243872,-0.883941876469956,23.220782702327924,21.853130825829,18.48438111623863,11.657057160383072,19.955648837715447,10.993210204956096,1.4712677214768177,22.650267365339168
80,3.2,6,8,20.193865479218875,3.4712269699557123,-0.883941876469956,23.220782702327924,24.113026852411693,18.479752404470023,15.489893965247527,18.907848280314106,5.693474459987316,0.42809587584408204,21.183368425234843
81,3.24,3,6,21.058979197372423,8.625564715420644,21.305283615941004,3.170960304150546,1.9098541129780304,0.9830556191383906,1.63742003851777,22.220783422152607,6.212090445582908,21.237727803014216,4.574670407065138
81,3.24,3,8,21.058979197372423,8.625564715420644,-2.099664537810828,23.642718751079222,23.03214603940125,19.643499387988715,12.025501360625,19.89717497259224,11.03903898525838,0.25367558460352324,23.06454034588338
81,3.24,6,8,21.305283615941004,3.170960304150546,-2.099664537810828,23.642718751079222,26.385417021483157,20.772067959243213,16.26995464327282,19.97780254097668,5.331090005827102,-0.7942654182665327,21.601044649099922
82,3.28,3,6,21.125629354394167,8.592573588860978,21.97678937065134,3.2876837169238122,1.4374360639705437,0.7382303400107837,1.2333849371103458,22.284502125038056,6.173756823531647,21.546271785027272,4.9403718864213015
82,3.28,3,8,21.125629354394167,8.592573588860978,-3.4831681272108277,23.937719723266657,24.43783017546994,20.85355335923787,12.741148142083903,19.721739227067836,10.610368212030282,-1.1318141321700361,23.351516354114185
82,3.28,6,8,21.97678937065134,3.2876837169238122,-3.4831681272108277,23.937719723266657,28.135069128737957,22.819294356615046,16.457883215803307,20.66092526059263,5.470287281117157,-2.1583690960224136,21.928170496920465
83,3.32,3,6,21.12007548137675,8.583483514243872,23.30866234765231,2.850954162162701,1.2206139886033769,0.3192117921257207,1.1781351114970349,22.284502125038056,6.173756823531647,21.965290332912335,4.9956217120346125
83,3.32,3,8,21.12007548137675,8.583483514243872,-4.884118048893173,24.3241060099341,25.832171272437446,22.043387573560906,13.468115567157978,19.508510168943562,10.261374268019251,-2.5348774046173443,23.72948983517723
83,3.32,6,8,23.30866234765231,2.850954162162701,-4.884118048893173,24.3241060099341,30.83261233782458,24.942451368117393,18.125233883281933,21.965290332912335,4.9956217120346125,-2.9771610352050573,23.120855595316545
84,3.36,3,6,21.1088809255302,8.565161282599153,24.184731810048277,2.6561836902936937,1.4833872464409366,0.5518619797742907,1.3769117902695234,22.273222012325647,6.155294560184319,22.825083992099938,4.778382769914796
85,3.4,3,6,20.997703284667672,8.668166027433218,25.195063495539028,2.4938412880183933,2.3493248579353616,1.655611255369486,1.6668169243221893,22.17939873005237,6.287766423204232,23.835009985421856,4.620949498882043
86,3.44,0,3,21.05914877877999,8.625842149039418,21.06472138159412,8.634958875848874,0.0,0.0,0.0,22.24341173554532,6.249110157599164,22.24341173554532,6.249110157599164
86,3.44,0,6,21.05914877877999,8.625842149039418,26.081970762153926,2.2928833721179545,3.079027619183837,2.470464444629396,1.837720465010622,22.24341173554532,6.249110157599164,24.713876180174715,4.411389692588542
86,3.44,3,6,21.06472138159412,8.634958875848874,26.081970762153926,2.2928833721179545,2.3331193405037465,1.8305427293341516,1.4465680672248062,22.883333450840563,5.857957759813348,24.713876180174715,4.411389692588542
87,3.48,3,6,21.05914877877999,8.625842149039418,26.978311973068795,2.1218300987115186,3.917589446242193,3.342600744349131,2.0431660072507194,22.268670813185462,6.2904337756614686,25.611271557534593,4.247267768410749
87,3.48,3,8,21.05914877877999,8.625842149039418,-10.995163468330382,25.785917744808877,31.724109380234644,27.06792865441825,16.54528193559769,18.41272786667127,8.610497210586292,-8.655200787746981,25.15577914618398
87,3.48,6,8,26.978311973068795,2.1218300987115186,-10.995163468330382,25.785917744808877,40.141711162136815,34.26647234528157,20.90851137777323,25.611271557534593,4.247267768410749,-8.655200787746981,25.15577914618398
88,3.52,3,6,21.05349202282251,8.616587748463568,27.824402493512565,1.9573277950382844,4.722917219856383,4.029729718037252,2.4631738601209916,22.423754992284824,6.544150062372721,26.453484710322076,4.08097620225173
88,3.52,3,8,21.05349202282251,8.616587748463568,-13.9694632896631,27.04947473039418,34.918300794014606,30.02729773066217,17.822713635567716,18.392567931858903,8.577515743162358,-11.634729798803265,26.400229378730074
88,3.52,6,8,27.824402493512565,1.9573277950382844,-13.9694632896631,27.04947473039418,44.145907475652656,38.08821450912534,22.319253176478345,26.453484710322076,4.08097620225173,-11.634729798803265,26.400229378730074
89,3.56,3,6,21.114520981886407,8.574392414272818,28.645734797914905,1.8397911901773392,5.40790348143194,4.614730645147411,2.8195178909205474,22.668570217083406,6.802364572357217,27.283300862230817,3.982846681436669
89,3.56,3,8,21.114520981886407,8.574392414272818,-15.878113670015226,27.745827675594427,36.98772668715785,31.991199448517968,18.564888454527082,18.44451349090942,8.519921201780296,-13.546685957608549,27.084809656307378
89,3.56,6,8,28.645734797914905,1.8397911901773392,-15.878113670015226,27.745827675594427,46.91124888968505,40.654825593889555,23.406204910672717,27.108139636281006,3.6786047456346624,-13.546685957608549,27.084809656307378
90,3.6,3,6,21.120160397240014,8.583622496811682,29.33668924322121,1.633178391317169,6.103581944123423,5.208374509534828,3.182223674894226,22.754801446024643,6.9435000111658365,27.96317595555947,3.7612763362716106
90,3.6,3,8,21.120160397240014,8.583622496811682,-24.932613605701782,31.953087575158094,46.927335465168305,41.074364186363304,22.695184963917754,18.455792321616627,8.538381366858022,-22.618571864746677,31.233566330775776
90,3.6,6,8,29.33668924322121,1.633178391317169,-24.932613605701782,31.953087575158094,57.545539097515686,49.92365488886317,28.620233272309214,27.305083024116488,2.613333058466562,-22.618571864746677,31.233566330775776
91,3.64,0,3,21.20313936490454,8.578180246525507,21.125714896730354,8.592713596782733,0.021125747056475262,0.011010826493848214,0.018029389579698574,18.466803148110476,8.556410756437721,18.455792321616627,8.538381366858022
91,3.64,0,8,21.20313936490454,8.578180246525507,-24.02010561735321,31.035781058556793,45.0139503060808,39.59350781392726,21.415178288933124,17.889823918499577,8.908780877440268,-21.70368389542768,30.323959166373392
91,3.64,0,9,21.20313936490454,8.578180246525507,-35.139993021898846,37.24915423508314,57.73676553314078,50.73756344038756,27.554196601634413,17.889823918499577,8.908780877440268,-32.84773952188799,36.46297747907468
91,3.64,3,8,21.125714896730354,8.592713596782733,-24.02010561735321,31.035781058556793,45.68801735779398,40.15947621704431,21.78557779951537,18.455792321616627,8.538381366858022,-21.70368389542768,30.323959166373392
91,3.64,3,9,21.125714896730354,8.592713596782733,-35.139993021898846,37.24915423508314,58.410918907751466,51.303531843504615,27.92459611221666,18.455792321616627,8.538381366858022,-32.84773952188799,36.46297747907468
91,3.64,8,9,-24.02010561735321,31.035781058556793,-35.139993021898846,37.24915423508314,8.039318443091105,6.511212182609249,4.715374528334486,-26.33652733927874,31.747602950740195,-32.84773952188799,36.46297747907468
92,3.68,0,3,21.186361026918107,8.550706996245317,21.125714896730354,8.592713596782733,0.012673303331036553,0.006607478406671419,0.010814520166231745,20.024864779604126,10.965772073671001,20.018257301197455,10.95495755350477
92,3.68,0,9,21.186361026918107,8.550706996245317,-30.435814963566315,34.10157776914401,52.855190444134486,46.63984704456026,24.867565714113418,18.507413057431076,8.48106047797697,-28.132433987129186,33.348626192090386
92,3.68,3,9,21.125714896730354,8.592713596782733,-30.435814963566315,34.10157776914401,52.03400671520588,45.94822820305771,24.419217428857586,17.815794215928523,8.929408763232798,-28.132433987129186,33.348626192090386
93,3.72,3,9,21.114520981886407,8.574392414272818,-31.273712378351348,34.2852313388421,52.85842123277139,46.77632342382549,24.61682884066858,17.80451538522131,8.91094859815507,-28.97180803860418,33.52777743882365
95,3.8,0,3,21.290286537769937,8.440628996032334,21.230104957300213,8.481813187656458,0.021121179399652485,0.011004964738607015,0.018027616878953268,18.63214208487948,8.404000166077514,18.621137120140872,8.385972549198561
96,3.84,0,3,21.16974962249122,8.523507086951902,21.235792658321174,8.491130409234469,0.0075494957623905784,0.003934828327420092,0.006442981631208156,23.894357673010603,8.52792353861757,23.890422844683183,8.521480556986361
97,3.88,3,7,21.279195818832164,8.422453055533266,34.71275600594221,0.5221961958239069,11.038120032719261,9.422500333312016,5.749485309612783,23.868461166554255,8.346199887107788,33.29096149986627,2.596714577495005
98,3.92,3,7,21.35561408681427,8.408670081137403,34.95325078890622,0.7072616541394194,11.072324729025627,9.589010585889035,5.535995925639801,24.006113392593136,8.433283393922443,33.59512397848217,2.8972874682826415
99,3.96,3,7,21.3555317871187,8.408535146972406,35.050313168592396,0.904542536586155,10.30968485180743,9.015279664893136,5.0014332253217075,24.657385085755784,8.060739139402619,33.67266475064892,3.0593059140809116
100,4.0,3,7,21.468558685422586,8.318052881964395,35.159842754620236,1.0796768574939053,10.928360791559609,9.55643082555638,5.301292244995853,24.120511878248546,8.346071108328475,33.676942703804926,3.0447788633326227
101,4.04,3,7,21.40399864752382,8.349709981757643,35.21959388139711,1.2096776646691385,10.989406578835588,9.60966073003198,5.331179757674294,24.05253287561101,8.371611021952406,33.66219360564299,3.0404312642781117
102,4.08,3,7,21.457571120112483,8.300022906443107,35.31897359492426,1.366535758550249,10.929216363683258,9.557178990443301,5.301707278682127,24.109605657669473,8.328174614927008,33.666784648112774,3.026467336244881
103,4.12,3,7,21.51084708277585,8.250610524427247,35.41375384591264,1.4708721605071156,10.890858579552763,9.524087321151388,5.282287506270499,24.166360607729988,8.284980068360417,33.690447928881376,3.0026925620899183
103,4.12,3,10,21.51084708277585,8.250610524427247,-43.48748046474115,34.576599781481356,65.26765545583393,60.059792323085915,25.547763009884818,18.855333557821712,8.216240980494076,-41.20445876526421,33.764003990378896
103,4.12,7,10,35.41375384591264,1.4708721605071156,-43.48748046474115,34.576599781481356,80.78963106299395,74.089571326303,32.213349841010604,32.885112561038795,1.5506541493682897,-41.20445876526421,33.764003990378896
104,4.16,3,7,21.40399864752382,8.349709981757643,35.53729438850063,1.6275576114179424,11.064432172909575,9.676332786537163,5.3656540247301105,24.05253287561101,8.371611021952406,33.72886566214817,3.0059569972222953
105,4.2,3,7,21.409549807924662,8.358815254565489,35.630915167478314,1.8403641539306124,11.043113398130085,9.657386265090018,5.355860719885354,24.052532875611014,8.371611021952404,33.70991914070103,3.01575030206705
113,4.52,0,3,21.290368712623362,8.440763667666774,21.235792658321174,8.491130409234469,0.00039775219596476397,0.00020717933858094284,0.0003395342855441186,22.422266715816097,6.116442901231407,22.422059536477516,6.116103366945863
117,4.68,0,3,21.295872669893708,8.449783786237672,21.301376011564237,8.45880289593749,0.0,0.0,0.0,18.643314349127024,8.422309746488198,18.643314349127024,8.422309746488198
121,4.84,0,3,21.17537116531183,8.53271193507192,21.230104957300213,8.481813187656458,0.01275775387485027,0.006647291274788358,0.010889159868391118,19.99164197075035,10.911372255084167,19.99828926202514,10.922261414952558
127,5.08,0,3,21.21345829620792,8.454543711050787,21.273608427514674,8.413296201707862,0.00026922197791906337,0.0001402752335835089,0.0002297897565988194,18.609934054143228,8.367604604326967,18.609793778909644,8.367374814570368
128,5.12,0,3,21.218979411957513,8.463588043480936,21.158589061939338,8.505232519258907,0.012819678775812714,0.00667955658245134,0.010942014795130461,19.987244766167322,10.904176917297697,19.98056520958487,10.893234902502567
129,5.16,0,3,21.279195818832164,8.422453055533266,21.279195818832164,8.422453055533266,0.0,0.0,0.0,22.46231576326177,6.041749172353132,22.46231576326177,6.041749172353132
131,5.24,0,3,21.235792658321174,8.491130409234469,21.235792658321174,8.491130409234469,0.0,0.0,0.0,22.422059536477516,6.116103366945863,22.422059536477516,6.116103366945863
133,5.32,0,3,21.301376011564237,8.45880289593749,21.301458172580247,8.458937544894575,0.02113112484652373,0.011006683341054924,0.01803821939962802,23.95943767400145,8.495296045386782,23.948430990660395,8.477257825987154
136,5.44,0,3,21.17537116531183,8.53271193507192,21.23027154257158,8.48208607680432,0.00042833139341250657,0.0002232480887940369,0.00036555173837982124,22.421836288388718,6.115737815207483,22.422059536477512,6.116103366945863
137,5.48,0,3,21.17537116531183,8.53271193507192,21.235792658321174,8.491130409234469,0.00042833139341587426,0.00022324808879758962,0.0003655517383815976,22.421836288388718,6.115737815207481,22.422059536477516,6.116103366945863
144,5.76,0,3,21.58033118260186,8.228572560190937,21.516364931954417,8.259668830178727,0.007336046983982812,0.003815253462001067,0.006265893900465613,24.162545354267987,8.278714174459951,24.166360607729988,8.284980068360417
145,5.8,0,3,21.339071074498833,8.381547045771967,21.398528083555085,8.34073690698565,0.0004145374837710758,0.0002158548164494789,0.00035390397520629335,18.755680274253073,8.328162845538085,18.755464419436624,8.327808941562878
148,5.92,3,11,21.35561408681427,8.408670081137403,22.393625962386352,18.363158962796618,7.544649598955797,2.277606412852112,7.192652264579374,20.164318740048227,10.776489284935293,22.44192515290034,17.969141549514667
149,5.96,0,3,21.3555317871187,8.408535146972406,21.295872669893708,8.449783786237672,0.012706640345873207,0.0066165054474289775,0.01084806731835286,20.11370029439068,10.832045243173551,20.10708378894325,10.821197175855199
149,5.96,0,11,21.3555317871187,8.408535146972406,22.71260405065943,17.974265814991405,7.167813254055957,3.228938925891871,6.399335923193945,19.534992215695908,11.185013660753093,22.76393114158778,17.584349583947038
149,5.96,3,11,21.295872669893708,8.449783786237672,22.71260405065943,17.974265814991405,7.266296742518343,2.6568473526445295,6.763152408091839,20.10708378894325,10.821197175855199,22.76393114158778,17.584349583947038
154,6.16,0,3,21.235792658321174,8.491130409234469,21.24131315480873,8.500173727229859,0.0,0.0,0.0,22.422059536477516,6.116103366945863,22.422059536477516,6.116103366945863
156,6.24,0,3,21.301458172580247,8.458937544894575,21.24131315480873,8.500173727229859,0.020994326651407998,0.01093886947020195,0.017919343912652153,18.6544853545001,8.440617263801995,18.643546485029898,8.422697919889343
157,6.28,0,3,21.312380848518917,8.476838089400834,21.301376011564237,8.45880289593749,0.0,0.0,0.0,18.643314349127024,8.422309746488198,18.643314349127024,8.422309746488198
158,6.32,0,3,21.301458172580247,8.458937544894575,21.24131315480873,8.500173727229859,0.020994326651407998,0.01093886947020195,0.017919343912652153,18.6544853545001,8.440617263801995,18.643546485029898,8.422697919889343
163,6.52,0,3,21.17537116531183,8.53271193507192,21.175453690509478,8.532847063796302,0.02125225156510543,0.011076761165483617,0.01813735258160243,19.991641970750354,10.911372255084165,19.98056520958487,10.893234902502563
164,6.56,0,3,21.125714896730354,8.592713596782733,21.18652982871801,8.550983396333354,0.021140104939324268,0.011021813591352014,0.018039502820286657,18.518876141041726,8.49983828142709,18.52989795463308,8.517877784247377
165,6.6,0,3,21.13135367119063,8.601942630365642,21.13690754420805,8.611032704982748,0.0,0.0,0.0,18.46706987053718,8.556839434023837,18.46706987053718,8.556839434023837
171,6.84,0,3,21.26899209908995,8.545515572021538,21.26347407860896,8.536476310058932,0.0,0.0,0.0,18.592368769695334,8.479137688972598,18.592368769695334,8.479137688972598
172,6.88,0,3,21.257870929740875,8.527297596313922,21.20313936490454,8.578180246525507,0.007787556193453799,0.004058906405912666,0.006646150032480591,23.93457938752259,8.59381493114527,23.938638293928502,8.60046108117775
185,7.4,3,12,22.190819746567,8.16957684588994,-44.450980746273856,22.43431166267547,63.17107746862126,61.71349941200952,13.49181303125898,19.55977475414052,8.17106200778055,-42.153724657869,21.66287503903953
202,8.08,3,12,23.65848278619748,8.008267252802945,-37.91580191376073,21.598653054658783,58.053083469287905,56.596277179693416,12.923695666929918,20.98808391332129,7.93506392884621,-35.608193266372126,20.858759595776128
204,8.16,3,12,23.922094193583845,7.869366292978622,-48.50020836866747,25.96742904598871,69.66284929776906,67.45990035860589,17.38028814176128,21.24655015391255,7.785405450436788,-46.21335020469334,25.165693592198068
205,8.2,3,12,24.304098862290296,7.720979495607423,-45.598317070586674,25.10391396981855,67.0404375109832,64.92880732561545,16.69341909068207,21.622743755039632,7.624318123128023,-43.306063570575816,24.317737213810094
206,8.24,3,12,24.90279239922568,7.435701814247155,-45.24607634419116,25.51297073965746,67.48051226447194,65.22089486121047,17.316304714877184,22.26707201703016,7.410489268771816,-42.95382284418031,24.726793983649
207,8.28,3,12,25.12242335179443,7.288919831587009,-42.71337893900352,24.478597656074918,65.02661744464478,62.92045944666648,16.415747296805584,22.504336596067823,7.291413735633417,-40.416122850598654,23.707161032439
209,8.36,3,12,25.10858127906893,7.367726253366598,-45.14160836879234,25.634289285089555,67.64604316621593,65.3568607951089,17.449008655345047,22.50750592632741,7.39910387373604,-42.84935486878149,24.84811252908109
210,8.4,3,12,25.205444033419624,7.326634118706746,-43.38605190192821,24.99790815097234,65.90363306178048,63.720976906133586,16.820402874776654,22.630554728950532,7.401242326631236,-41.09042217718306,24.22164520140789
211,8.44,3,12,25.104040608203956,7.462583858627954,-39.2665485050062,23.54142973715036,61.42107706440017,59.50177336617227,15.234423980960244,22.5386058376032,7.554054179136487,-36.96316752856907,22.78847816009673
212,8.48,3,12,25.214831958775086,7.4439081421300415,-41.29348624735201,24.86613077375116,63.83740942638165,61.65639066170165,16.544011993561618,22.661747533479684,7.5554243732525554,-38.994643128221966,24.099436366814174
231,9.24,12,13,-14.141637931972136,16.731318225586527,22.541215664024442,18.23613042851181,34.042611394095914,33.98261183256625,2.0202681917402536,-11.797054423604195,16.11859628841676,22.18555740896205,18.138864480157014
232,9.28,12,14,-12.254499337608078,16.048448059228836,31.233797743568942,6.730514690619389,39.686459361847284,38.823424633132,8.23144923054715,-9.906934260802009,15.447250745395419,28.91649037232999,7.215801514848268
233,9.32,12,14,-12.254757892749884,16.04809434561934,31.40662648129297,6.635253346461106,39.856420942929326,38.96515144308263,8.38160267476399,-9.907192815943814,15.446897031785928,29.05795862713882,7.065294357021939
235,9.4,12,14,-12.825057627702764,16.546815407174638,31.908902240725403,6.326073294994873,41.04784791443619,39.9845902654157,9.28215275211023,-10.478655736462372,15.94109421323842,29.505934528953325,6.65894146112819
236,9.44,12,14,-10.620504119503478,15.824308609554361,32.08686405343826,6.277733658906792,38.90667774266904,37.929153260404135,8.666539443207576,-8.270722586544654,15.231833506815281,29.658430673859485,6.5652940636077055
238,9.52,12,14,-10.490784275422886,16.00316085435605,32.547853797348935,6.102118367119939,39.27998993194527,38.20750948489939,9.116130100818278,-8.14100274246406,15.410685751616976,30.066506742435333,6.294555650798697
239,9.56,12,14,-11.141122548088402,16.32693193147116,32.88174455946126,5.810551422671922,40.368876460691176,39.16795717655908,9.773296133535522,-8.792431476293832,15.730148679969854,30.375525700265246,5.956852546434332
240,9.6,12,14,-9.362812436799087,15.78543595424232,33.10566860213704,5.632614212502933,38.75464633472671,37.57677060137084,9.482031623112139,-7.011458441758296,15.199232585089849,30.565312159612542,5.717200961977709
242,9.68,12,14,-8.945517043897386,15.785396845497086,33.62076356098936,5.34216602604444,38.90450452799572,37.63993953596669,9.838466562305896,-6.5936550229669635,15.20123502330646,31.046284512999723,5.362768461000562
245,9.8,12,14,-5.484661299684695,14.665686774245852,34.35201523661657,4.962617177025278,36.033572861041726,34.81840696606739,9.278842033212564,-3.1276894061181384,14.102496315397975,31.690717559949253,4.8236542821854105
246,9.84,12,14,-5.39480421365783,14.792878413233328,34.57441004941441,4.74355063974203,36.25496945297876,34.95561618228248,9.619132359697232,-3.0378323200912742,14.229687954385449,31.91778386219121,4.610555594688217
248,9.92,12,14,-3.377032335415012,14.208324050778154,35.064794552079334,4.171897446480351,34.812848318728136,33.48831768441314,9.5114134980346,-1.0172092162580681,13.657202606546129,32.47110846815507,4.14578910851153
249,9.96,12,14,-2.8743172843460574,13.985332753174244,35.28742764232844,3.9912939388215847,34.55261151130051,33.249797311480506,9.398613780569995,-0.5137293962766476,13.437496260505124,32.73606791520386,4.03888247993513
250,10.0,12,14,-3.2429010258707383,14.400262097031678,35.450610657755306,3.8675073784910814,35.22887625733158,33.81706560022488,9.873185734324435,-0.8830779067137939,13.849140652799656,32.933987693511085,3.9759549184752214
251,10.04,12,14,-2.633628773462135,14.330774075958708,35.58340512768767,3.783273223674286,34.788723509545704,33.36714067055674,9.843231527039064,-0.27304088539272575,13.782937583289584,33.09409978516402,3.9397060562505195
252,10.08,12,14,-2.340116053979966,14.288102319450829,35.57926091232834,3.9089295640571695,34.46930064113209,33.09882872644478,9.622900998463141,0.02084644053607132,13.741882492376957,33.11967516698085,4.118981493913815
253,10.12,12,14,-0.6147385714468678,13.654405130142015,35.75364222801558,3.801120010127207,32.85135123064867,31.58225783913657,9.042801969618612,1.7487099264692862,13.11904431938176,33.330967765605855,4.076242349763148
256,10.24,12,14,2.345823265144583,12.702738728307558,35.83198740577275,4.071259571515842,29.785742949954006,28.77307072382157,7.700706733975581,4.713332209567553,12.185630037530432,33.48640293338912,4.484923303554851
258,10.32,12,14,4.54842107942154,11.960508115389256,35.9284123699975,4.244143255598597,27.359495164498867,26.40431975133604,7.166161742902703,7.249387458444621,11.95105072337449,33.65370720978066,4.784888980471787
259,10.36,12,14,4.5780199468967835,12.004740158577672,35.90793505753577,4.444379129458074,27.484895567211538,26.714184539488286,6.463112928820722,6.948494654732039,11.501401644738962,33.662679194220324,5.03828871591824
262,10.48,12,14,7.2585127790402675,11.140197670506517,36.0204588688602,4.833563624168418,24.773455830948688,24.260590831004397,5.014762839711466,9.632474234514756,10.653569467541004,33.89306506551915,5.638806627829538
